patientId,clusterId,dendogramId,groupId
1.0,60.0,1.0,1.0
2.0,61.0,2.0,5.0
3.0,60.0,1.0,1.0
4.0,61.0,2.0,5.0
5.0,53.0,5.0,6.0
6.0,60.0,1.0,1.0
7.0,60.0,1.0,1.0
8.0,61.0,2.0,5.0
9.0,61.0,2.0,5.0
10.0,53.0,5.0,6.0
11.0,61.0,2.0,5.0
12.0,51.0,12.0,3.0
13.0,60.0,1.0,1.0
14.0,7.0,14.0,4.0
15.0,61.0,2.0,5.0
16.0,60.0,1.0,1.0
17.0,61.0,2.0,5.0
18.0,61.0,2.0,5.0
19.0,60.0,1.0,1.0
20.0,55.0,20.0,3.0
21.0,49.0,21.0,2.0
22.0,60.0,1.0,1.0
23.0,55.0,20.0,3.0
24.0,57.0,24.0,3.0
25.0,57.0,24.0,3.0
26.0,29.0,26.0,3.0
27.0,60.0,1.0,1.0
28.0,33.0,28.0,2.0
29.0,61.0,2.0,5.0
30.0,61.0,2.0,5.0
31.0,45.0,3.0,3.0
32.0,60.0,1.0,1.0
33.0,22.0,4.0,4.0
34.0,61.0,2.0,5.0
35.0,61.0,2.0,5.0
36.0,61.0,2.0,5.0
37.0,11.0,3.0,3.0
38.0,57.0,24.0,3.0
39.0,60.0,1.0,1.0
40.0,61.0,2.0,5.0
41.0,61.0,2.0,5.0
42.0,61.0,2.0,5.0
43.0,61.0,2.0,5.0
44.0,60.0,1.0,1.0
45.0,50.0,6.0,2.0
46.0,61.0,2.0,5.0
47.0,60.0,1.0,1.0
48.0,37.0,4.0,4.0
49.0,61.0,2.0,5.0
50.0,61.0,2.0,5.0
51.0,59.0,7.0,2.0
52.0,60.0,1.0,1.0
53.0,61.0,2.0,5.0
54.0,61.0,2.0,5.0
55.0,55.0,20.0,3.0
56.0,60.0,1.0,1.0
57.0,61.0,2.0,5.0
58.0,60.0,1.0,1.0
59.0,49.0,21.0,2.0
60.0,61.0,2.0,5.0
61.0,61.0,2.0,5.0
62.0,61.0,2.0,5.0
63.0,61.0,2.0,5.0
64.0,60.0,1.0,1.0
65.0,61.0,2.0,5.0
66.0,59.0,7.0,2.0
67.0,45.0,3.0,3.0
68.0,61.0,2.0,5.0
69.0,51.0,12.0,3.0
70.0,61.0,2.0,5.0
71.0,26.0,8.0,3.0
72.0,49.0,21.0,2.0
73.0,61.0,2.0,5.0
74.0,58.0,9.0,6.0
75.0,51.0,12.0,3.0
76.0,61.0,2.0,5.0
77.0,61.0,2.0,5.0
78.0,51.0,12.0,3.0
79.0,59.0,7.0,2.0
80.0,60.0,1.0,1.0
81.0,61.0,2.0,5.0
82.0,61.0,2.0,5.0
83.0,61.0,2.0,5.0
84.0,18.0,10.0,4.0
85.0,61.0,2.0,5.0
86.0,51.0,12.0,3.0
87.0,12.0,3.0,3.0
88.0,53.0,5.0,6.0
89.0,61.0,2.0,5.0
90.0,5.0,8.0,3.0
91.0,61.0,2.0,5.0
92.0,61.0,2.0,5.0
93.0,61.0,2.0,5.0
94.0,61.0,2.0,5.0
95.0,59.0,7.0,2.0
96.0,55.0,20.0,3.0
97.0,61.0,2.0,5.0
98.0,60.0,1.0,1.0
99.0,60.0,1.0,1.0
100.0,60.0,1.0,1.0
101.0,60.0,1.0,1.0
102.0,51.0,12.0,3.0
103.0,61.0,2.0,5.0
104.0,61.0,2.0,5.0
105.0,61.0,2.0,5.0
106.0,61.0,2.0,5.0
107.0,55.0,20.0,3.0
108.0,59.0,7.0,2.0
109.0,61.0,2.0,5.0
110.0,55.0,20.0,3.0
111.0,60.0,1.0,1.0
112.0,60.0,1.0,1.0
113.0,60.0,1.0,1.0
114.0,45.0,3.0,3.0
115.0,61.0,2.0,5.0
116.0,61.0,2.0,5.0
117.0,56.0,11.0,2.0
118.0,61.0,2.0,5.0
119.0,60.0,1.0,1.0
120.0,60.0,1.0,1.0
121.0,59.0,7.0,2.0
122.0,61.0,2.0,5.0
123.0,20.0,8.0,3.0
124.0,61.0,2.0,5.0
125.0,61.0,2.0,5.0
126.0,60.0,1.0,1.0
127.0,51.0,12.0,3.0
128.0,59.0,7.0,2.0
129.0,39.0,13.0,4.0
130.0,61.0,2.0,5.0
131.0,48.0,15.0,6.0
132.0,61.0,2.0,5.0
133.0,61.0,2.0,5.0
134.0,45.0,3.0,3.0
135.0,55.0,20.0,3.0
136.0,60.0,1.0,1.0
137.0,51.0,12.0,3.0
138.0,60.0,1.0,1.0
139.0,61.0,2.0,5.0
140.0,56.0,11.0,2.0
141.0,61.0,2.0,5.0
142.0,51.0,12.0,3.0
143.0,60.0,1.0,1.0
144.0,61.0,2.0,5.0
145.0,53.0,5.0,6.0
146.0,61.0,2.0,5.0
147.0,55.0,20.0,3.0
148.0,61.0,2.0,5.0
149.0,60.0,1.0,1.0
150.0,61.0,2.0,5.0
151.0,60.0,1.0,1.0
152.0,42.0,16.0,4.0
153.0,60.0,1.0,1.0
154.0,53.0,5.0,6.0
155.0,61.0,2.0,5.0
156.0,57.0,24.0,3.0
157.0,34.0,28.0,2.0
158.0,21.0,26.0,3.0
159.0,61.0,2.0,5.0
160.0,60.0,1.0,1.0
161.0,20.0,8.0,3.0
162.0,53.0,5.0,6.0
163.0,61.0,2.0,5.0
164.0,61.0,2.0,5.0
165.0,61.0,2.0,5.0
166.0,60.0,1.0,1.0
167.0,60.0,1.0,1.0
168.0,6.0,8.0,3.0
169.0,61.0,2.0,5.0
171.0,60.0,1.0,1.0
173.0,53.0,5.0,6.0
174.0,61.0,2.0,5.0
175.0,30.0,8.0,3.0
176.0,60.0,1.0,1.0
177.0,57.0,24.0,3.0
178.0,61.0,2.0,5.0
179.0,25.0,17.0,6.0
180.0,55.0,20.0,3.0
181.0,60.0,1.0,1.0
182.0,55.0,20.0,3.0
183.0,60.0,1.0,1.0
184.0,51.0,12.0,3.0
185.0,61.0,2.0,5.0
186.0,17.0,18.0,2.0
187.0,61.0,2.0,5.0
188.0,61.0,2.0,5.0
190.0,41.0,19.0,2.0
191.0,61.0,2.0,5.0
193.0,60.0,1.0,1.0
194.0,60.0,1.0,1.0
196.0,61.0,2.0,5.0
197.0,59.0,7.0,2.0
198.0,17.0,18.0,2.0
199.0,49.0,21.0,2.0
200.0,60.0,1.0,1.0
201.0,61.0,2.0,5.0
202.0,60.0,1.0,1.0
203.0,57.0,24.0,3.0
204.0,61.0,2.0,5.0
205.0,21.0,26.0,3.0
207.0,61.0,2.0,5.0
208.0,41.0,19.0,2.0
209.0,61.0,2.0,5.0
210.0,61.0,2.0,5.0
211.0,61.0,2.0,5.0
212.0,61.0,2.0,5.0
213.0,61.0,2.0,5.0
214.0,61.0,2.0,5.0
215.0,61.0,2.0,5.0
216.0,57.0,24.0,3.0
217.0,61.0,2.0,5.0
218.0,31.0,22.0,2.0
219.0,61.0,2.0,5.0
220.0,61.0,2.0,5.0
221.0,61.0,2.0,5.0
223.0,55.0,20.0,3.0
225.0,51.0,12.0,3.0
226.0,27.0,8.0,3.0
227.0,35.0,23.0,2.0
228.0,61.0,2.0,5.0
229.0,41.0,19.0,2.0
230.0,61.0,2.0,5.0
232.0,60.0,1.0,1.0
233.0,32.0,22.0,2.0
234.0,61.0,2.0,5.0
235.0,61.0,2.0,5.0
236.0,53.0,5.0,6.0
237.0,61.0,2.0,5.0
238.0,61.0,2.0,5.0
240.0,61.0,2.0,5.0
241.0,61.0,2.0,5.0
242.0,61.0,2.0,5.0
243.0,61.0,2.0,5.0
244.0,61.0,2.0,5.0
245.0,19.0,10.0,4.0
246.0,60.0,1.0,1.0
247.0,55.0,20.0,3.0
248.0,60.0,1.0,1.0
249.0,61.0,2.0,5.0
250.0,51.0,12.0,3.0
251.0,61.0,2.0,5.0
252.0,61.0,2.0,5.0
253.0,61.0,2.0,5.0
254.0,60.0,1.0,1.0
255.0,60.0,1.0,1.0
256.0,61.0,2.0,5.0
257.0,61.0,2.0,5.0
258.0,25.0,17.0,6.0
259.0,57.0,24.0,3.0
260.0,36.0,23.0,2.0
261.0,60.0,1.0,1.0
262.0,57.0,24.0,3.0
263.0,61.0,2.0,5.0
264.0,61.0,2.0,5.0
265.0,60.0,1.0,1.0
266.0,61.0,2.0,5.0
267.0,60.0,1.0,1.0
268.0,61.0,2.0,5.0
269.0,61.0,2.0,5.0
270.0,61.0,2.0,5.0
271.0,61.0,2.0,5.0
272.0,61.0,2.0,5.0
273.0,60.0,1.0,1.0
274.0,61.0,2.0,5.0
275.0,61.0,2.0,5.0
276.0,55.0,20.0,3.0
277.0,61.0,2.0,5.0
278.0,61.0,2.0,5.0
279.0,31.0,22.0,2.0
280.0,60.0,1.0,1.0
281.0,61.0,2.0,5.0
282.0,51.0,12.0,3.0
283.0,4.0,18.0,2.0
284.0,61.0,2.0,5.0
285.0,55.0,20.0,3.0
286.0,61.0,2.0,5.0
287.0,60.0,1.0,1.0
288.0,17.0,18.0,2.0
289.0,24.0,17.0,6.0
2001.0,61.0,2.0,5.0
2003.0,10.0,18.0,2.0
2004.0,60.0,1.0,1.0
2005.0,60.0,1.0,1.0
2006.0,61.0,2.0,5.0
2007.0,61.0,2.0,5.0
2008.0,61.0,2.0,5.0
2009.0,60.0,1.0,1.0
2010.0,61.0,2.0,5.0
2011.0,61.0,2.0,5.0
2012.0,59.0,7.0,2.0
2013.0,51.0,12.0,3.0
2014.0,61.0,2.0,5.0
2015.0,61.0,2.0,5.0
2016.0,60.0,1.0,1.0
2018.0,61.0,2.0,5.0
2019.0,49.0,21.0,2.0
2020.0,60.0,1.0,1.0
2021.0,60.0,1.0,1.0
2022.0,61.0,2.0,5.0
2023.0,57.0,24.0,3.0
2024.0,61.0,2.0,5.0
2026.0,61.0,2.0,5.0
2027.0,55.0,20.0,3.0
2028.0,61.0,2.0,5.0
2029.0,61.0,2.0,5.0
2030.0,61.0,2.0,5.0
2031.0,61.0,2.0,5.0
2032.0,61.0,2.0,5.0
2033.0,45.0,3.0,3.0
5002.0,17.0,18.0,2.0
5003.0,60.0,1.0,1.0
5004.0,16.0,25.0,6.0
5006.0,61.0,2.0,5.0
5007.0,49.0,21.0,2.0
5008.0,59.0,7.0,2.0
5009.0,60.0,1.0,1.0
5010.0,61.0,2.0,5.0
5011.0,60.0,1.0,1.0
5012.0,61.0,2.0,5.0
5013.0,60.0,1.0,1.0
5014.0,60.0,1.0,1.0
5015.0,46.0,4.0,4.0
5016.0,14.0,26.0,3.0
5017.0,51.0,12.0,3.0
5018.0,51.0,12.0,3.0
5020.0,17.0,18.0,2.0
5021.0,61.0,2.0,5.0
5022.0,61.0,2.0,5.0
5023.0,55.0,20.0,3.0
5025.0,61.0,2.0,5.0
5026.0,55.0,20.0,3.0
5027.0,25.0,17.0,6.0
5028.0,60.0,1.0,1.0
5029.0,55.0,20.0,3.0
5030.0,55.0,20.0,3.0
5031.0,61.0,2.0,5.0
5032.0,59.0,7.0,2.0
5033.0,61.0,2.0,5.0
5034.0,61.0,2.0,5.0
5035.0,60.0,1.0,1.0
5036.0,61.0,2.0,5.0
5037.0,61.0,2.0,5.0
5038.0,61.0,2.0,5.0
5040.0,57.0,24.0,3.0
5041.0,61.0,2.0,5.0
5042.0,61.0,2.0,5.0
5043.0,61.0,2.0,5.0
5044.0,59.0,7.0,2.0
5045.0,59.0,7.0,2.0
5047.0,60.0,1.0,1.0
5048.0,60.0,1.0,1.0
5049.0,60.0,1.0,1.0
5050.0,45.0,3.0,3.0
5051.0,55.0,20.0,3.0
5052.0,55.0,20.0,3.0
5053.0,61.0,2.0,5.0
5055.0,60.0,1.0,1.0
5056.0,16.0,25.0,6.0
5057.0,61.0,2.0,5.0
5059.0,45.0,3.0,3.0
5061.0,20.0,8.0,3.0
5062.0,61.0,2.0,5.0
5063.0,61.0,2.0,5.0
5064.0,61.0,2.0,5.0
5065.0,17.0,18.0,2.0
5067.0,61.0,2.0,5.0
5069.0,61.0,2.0,5.0
5071.0,61.0,2.0,5.0
5072.0,61.0,2.0,5.0
5073.0,59.0,7.0,2.0
5074.0,51.0,12.0,3.0
5076.0,59.0,7.0,2.0
5077.0,61.0,2.0,5.0
5078.0,60.0,1.0,1.0
5079.0,43.0,16.0,4.0
5081.0,17.0,18.0,2.0
5082.0,61.0,2.0,5.0
5083.0,61.0,2.0,5.0
5084.0,55.0,20.0,3.0
5087.0,61.0,2.0,5.0
5088.0,60.0,1.0,1.0
5090.0,55.0,20.0,3.0
5091.0,57.0,24.0,3.0
5092.0,57.0,24.0,3.0
5093.0,1.0,19.0,2.0
5094.0,61.0,2.0,5.0
5095.0,25.0,17.0,6.0
5096.0,61.0,2.0,5.0
5097.0,32.0,22.0,2.0
5098.0,61.0,2.0,5.0
5099.0,61.0,2.0,5.0
5100.0,61.0,2.0,5.0
5103.0,27.0,8.0,3.0
5105.0,61.0,2.0,5.0
5107.0,59.0,7.0,2.0
5108.0,55.0,20.0,3.0
5109.0,8.0,14.0,4.0
5111.0,60.0,1.0,1.0
5112.0,19.0,10.0,4.0
5113.0,40.0,26.0,3.0
5114.0,47.0,27.0,6.0
5115.0,61.0,2.0,5.0
5116.0,21.0,26.0,3.0
5119.0,61.0,2.0,5.0
5120.0,53.0,5.0,6.0
10003.0,60.0,1.0,1.0
10004.0,61.0,2.0,5.0
10005.0,61.0,2.0,5.0
10006.0,60.0,1.0,1.0
10007.0,61.0,2.0,5.0
10008.0,61.0,2.0,5.0
10011.0,60.0,1.0,1.0
10012.0,61.0,2.0,5.0
10013.0,13.0,26.0,3.0
10014.0,49.0,21.0,2.0
10015.0,60.0,1.0,1.0
10016.0,55.0,20.0,3.0
10017.0,55.0,20.0,3.0
10019.0,59.0,7.0,2.0
10020.0,61.0,2.0,5.0
10021.0,49.0,21.0,2.0
10022.0,17.0,18.0,2.0
10023.0,13.0,26.0,3.0
10024.0,25.0,17.0,6.0
10025.0,60.0,1.0,1.0
10026.0,10.0,18.0,2.0
10027.0,59.0,7.0,2.0
10028.0,60.0,1.0,1.0
10029.0,38.0,13.0,4.0
10031.0,61.0,2.0,5.0
10033.0,32.0,22.0,2.0
10034.0,60.0,1.0,1.0
10035.0,16.0,25.0,6.0
10036.0,59.0,7.0,2.0
10037.0,60.0,1.0,1.0
10038.0,39.0,13.0,4.0
10039.0,61.0,2.0,5.0
10040.0,61.0,2.0,5.0
10041.0,61.0,2.0,5.0
10042.0,54.0,29.0,4.0
10043.0,55.0,20.0,3.0
10044.0,49.0,21.0,2.0
10045.0,59.0,7.0,2.0
10046.0,27.0,8.0,3.0
10047.0,60.0,1.0,1.0
10048.0,21.0,26.0,3.0
10049.0,27.0,8.0,3.0
10050.0,9.0,18.0,2.0
10051.0,55.0,20.0,3.0
10052.0,60.0,1.0,1.0
10053.0,51.0,12.0,3.0
10054.0,61.0,2.0,5.0
10055.0,14.0,26.0,3.0
10056.0,61.0,2.0,5.0
10057.0,20.0,8.0,3.0
10058.0,60.0,1.0,1.0
10059.0,4.0,18.0,2.0
10060.0,13.0,26.0,3.0
10061.0,60.0,1.0,1.0
10062.0,60.0,1.0,1.0
10063.0,61.0,2.0,5.0
10064.0,61.0,2.0,5.0
10065.0,61.0,2.0,5.0
10066.0,55.0,20.0,3.0
10067.0,61.0,2.0,5.0
10068.0,59.0,7.0,2.0
10070.0,60.0,1.0,1.0
10071.0,60.0,1.0,1.0
10072.0,59.0,7.0,2.0
10073.0,61.0,2.0,5.0
10074.0,17.0,18.0,2.0
10075.0,45.0,3.0,3.0
10077.0,60.0,1.0,1.0
10078.0,60.0,1.0,1.0
10079.0,17.0,18.0,2.0
10080.0,55.0,20.0,3.0
10081.0,59.0,7.0,2.0
10082.0,17.0,18.0,2.0
10083.0,17.0,18.0,2.0
10084.0,17.0,18.0,2.0
10085.0,17.0,18.0,2.0
10086.0,2.0,19.0,2.0
10087.0,56.0,11.0,2.0
10088.0,60.0,1.0,1.0
10090.0,55.0,20.0,3.0
10091.0,60.0,1.0,1.0
10092.0,60.0,1.0,1.0
10093.0,60.0,1.0,1.0
10095.0,52.0,30.0,6.0
10096.0,60.0,1.0,1.0
10097.0,60.0,1.0,1.0
10098.0,60.0,1.0,1.0
10099.0,60.0,1.0,1.0
10100.0,60.0,1.0,1.0
10101.0,61.0,2.0,5.0
10102.0,56.0,11.0,2.0
10103.0,61.0,2.0,5.0
10104.0,60.0,1.0,1.0
10106.0,55.0,20.0,3.0
10107.0,61.0,2.0,5.0
10108.0,61.0,2.0,5.0
10109.0,41.0,19.0,2.0
10110.0,23.0,4.0,4.0
10113.0,59.0,7.0,2.0
10114.0,60.0,1.0,1.0
10115.0,60.0,1.0,1.0
10116.0,61.0,2.0,5.0
10117.0,60.0,1.0,1.0
10118.0,60.0,1.0,1.0
10119.0,55.0,20.0,3.0
10120.0,53.0,5.0,6.0
10121.0,61.0,2.0,5.0
10123.0,61.0,2.0,5.0
10124.0,60.0,1.0,1.0
10125.0,55.0,20.0,3.0
10126.0,55.0,20.0,3.0
10128.0,3.0,18.0,2.0
10129.0,61.0,2.0,5.0
10130.0,60.0,1.0,1.0
10131.0,45.0,3.0,3.0
10133.0,59.0,7.0,2.0
10134.0,60.0,1.0,1.0
10135.0,61.0,2.0,5.0
10137.0,15.0,25.0,6.0
10138.0,60.0,1.0,1.0
10139.0,60.0,1.0,1.0
10140.0,28.0,25.0,6.0
10141.0,61.0,2.0,5.0
10142.0,61.0,2.0,5.0
10143.0,49.0,21.0,2.0
10144.0,60.0,1.0,1.0
10146.0,61.0,2.0,5.0
10147.0,60.0,1.0,1.0
10149.0,57.0,24.0,3.0
10150.0,20.0,8.0,3.0
10151.0,60.0,1.0,1.0
10152.0,51.0,12.0,3.0
10153.0,60.0,1.0,1.0
10155.0,61.0,2.0,5.0
10156.0,61.0,2.0,5.0
10157.0,61.0,2.0,5.0
10158.0,61.0,2.0,5.0
10159.0,60.0,1.0,1.0
10160.0,49.0,21.0,2.0
10161.0,61.0,2.0,5.0
10162.0,59.0,7.0,2.0
10163.0,61.0,2.0,5.0
10164.0,61.0,2.0,5.0
10167.0,61.0,2.0,5.0
10168.0,55.0,20.0,3.0
10169.0,59.0,7.0,2.0
10170.0,60.0,1.0,1.0
10171.0,17.0,18.0,2.0
10172.0,17.0,18.0,2.0
10173.0,44.0,22.0,2.0
10174.0,61.0,2.0,5.0
10175.0,17.0,18.0,2.0
10176.0,61.0,2.0,5.0
10177.0,61.0,2.0,5.0
10178.0,60.0,1.0,1.0
10180.0,26.0,8.0,3.0
10181.0,61.0,2.0,5.0
10182.0,60.0,1.0,1.0
10183.0,60.0,1.0,1.0
10185.0,60.0,1.0,1.0
10186.0,45.0,3.0,3.0
10187.0,61.0,2.0,5.0
10188.0,60.0,1.0,1.0
10189.0,61.0,2.0,5.0
10190.0,61.0,2.0,5.0
10191.0,61.0,2.0,5.0
10192.0,55.0,20.0,3.0
10193.0,60.0,1.0,1.0
10194.0,61.0,2.0,5.0
10195.0,59.0,7.0,2.0
10197.0,61.0,2.0,5.0
10198.0,61.0,2.0,5.0
10199.0,61.0,2.0,5.0
10202.0,60.0,1.0,1.0
10203.0,61.0,2.0,5.0
10204.0,61.0,2.0,5.0
10205.0,61.0,2.0,5.0
10205.0,61.0,2.0,5.0
